Method,Silhouette,NMI,ARI,Purity
Hybrid Beta-VAE,0.7907845,1.0,1.0,1.0
PCA (Spectrograms),0.16600953,0.03120815927657008,0.0386655167116721,0.6172839506172839
